PRAGMA foreign_keys=OFF;
BEGIN TRANSACTION;
CREATE TABLE customer(c_id INTEGER PRIMARY KEY NOT NULL,c_FirstName TEXT,c_LastName TEXT,c_Number TEXT,c_UserName TEXT, c_Password TEXT, c_Email TEXT, c_Street VARCHAR(30),c_City TEXT, c_State TEXT, c_Country TEXT);
INSERT INTO customer VALUES(100,'John','Doe','12345378','Jdoe','Jdoe1234','jdoe@gmail.com','52-road','Mumbai','Maharashtra','India');
INSERT INTO customer VALUES(101,'Will','Smith','12345379','Wsmith','Wsmith1234','Wsmith@outlook.com','30-road','Hyderabad','Telangana','India');
INSERT INTO customer VALUES(102,'Rahul','Sharma','12345380','Rsharma','Rsharma1234','Rsharma@yahoo.com','89-street','Delhi','Delhi','India');
INSERT INTO customer VALUES(103,'Shurti','singh','12344567','Ssingh','Ssingh1234','Ssingh@gmail.com','93-street','Noida','UP','India');
INSERT INTO customer VALUES(104,'Sheldon','cooper','1233367','Scooper','Scooper1234','Scooper@abc.com','67-street','Seattle','Washington','US');
CREATE TABLE vendor(v_id INTEGER PRIMARY KEY,v_Name TEXT,v_PhoneNumer INTEGER, v_Email TEXT,v_Street VARCHAR(30),v_City TEXT, v_State TEXT, v_Country TEXT, c_id, FOREIGN KEY(c_id) REFERENCES customer(c_id) ON DELETE CASCADE);
INSERT INTO vendor VALUES(1,'Sheldon Cooper',1233367,'Scooper@gmail.com','67-street','Seattle','Washington','US','104');
INSERT INTO vendor VALUES(2,'John Doe',1245323,'Jdoe@gmail.com','52-road','Mumbai','Maharashtra','India','100');
INSERT INTO vendor VALUES(3,'Will Smith',1288990,'Wsmith@outlook.com','30-road','Hyderabad','Telangana','India','101');
INSERT INTO vendor VALUES(4,'Rahul Sharma',1288994,'Rsharma@yahoo.com','89-street','Delhi','Delhi','India','102');
INSERT INTO vendor VALUES(5,'Shruti Singh',1556677,'Ssingh@gmail.com','93-street','Noida','UP','India','103');
CREATE TABLE store(store_id INTEGER PRIMARY KEY AUTOINCREMENT,store_name TEXT, store_Category TEXT, store_ContactNumber INTEGER, store_street VARCHAR(30),store_City TEXT, store_State TEXT,store_Country TEXT, store_capacityUnits INTEGER,v_id,FOREIGN KEY(v_id) REFERENCES vendor(v_id));
INSERT INTO store VALUES(1,'Sheldon Store','Sports',1111111,'78-street','Noida','UP','India',1000,'1');
INSERT INTO store VALUES(2,'John Store','Beauty',1111341,'56-street','BBSR','Odisha','India',2000,'2');
INSERT INTO store VALUES(3,'Smith Store','Health Care',1111342,'67-street','BBSR','Odisha','India',2000,'3');
INSERT INTO store VALUES(4,'Sharma Store','Electronics',3342342,'25-street','Seattle','Washington','US',3000,'4');
INSERT INTO store VALUES(5,'Singh Store','Books',2344342,'54-street','Delhi','Delhi','India',2500,'5');
CREATE TABLE items(item_id INTEGER PRIMARY KEY, item_Name TEXT, item_Category TEXT,item_UnitPrice INTEGER,item_QuantityAvailable INTEGER, item_Weight INTEGER, item_Color TEXT, item_brand TEXT, item_description VARCHAR(50),v_id,store_id, FOREIGN KEY(v_id) REFERENCES vendor(v_id), FOREIGN KEY(store_id) REFERENCES store(store_id));
INSERT INTO items VALUES(110,'Shoes','sports',500,50,1,'Black','Nike','Sports wear,size 8',1,1);
INSERT INTO items VALUES(111,'Sunscreen','beauty',250,100,0.5,'Orange','Biotique','Sunscreeen SPF 50',2,2);
INSERT INTO items VALUES(113,'vitamins','healthcare',1000,1250,3,'Blue','WOW','Vitamin C, Omega-3, Multi Vitamins',3,3);
INSERT INTO items VALUES(114,'Smart Watch','electronics',15000,67,0.8000000000000000444,'Black','One Plus','OnePlus smartwatch, water resistant',4,4);
INSERT INTO items VALUES(115,'Data science','books',1500,70,1,'Red','Mantis','Basics of Data science',5,5);
CREATE TABLE orders(Order_id INTEGER PRIMARY KEY,Order_Date TEXT,order_details VARCHAR(60),order_Total INTEGER, paymentMethod TEXT, Billing_address VARCHAR(60), shipping_address VARVHAR(60), item_id, c_id, FOREIGN KEY(item_id) REFERENCES items(item_id), FOREIGN KEY(c_id) REFERENCES customer(c_id));
INSERT INTO orders VALUES(221,'2021-07-01','Item shipped',250,'Card','52-Street, Talcher, Odisha','52-Street, Talcher, Odisha',110,104);
INSERT INTO orders VALUES(222,'2021-01-01','Item dispatched',2000,'Cash','45-Street,Delhi,India','34-street,seattle,US',115,103);
INSERT INTO orders VALUES(223,'2021-07-28','out of delivery',30000,'Credit card','67-Street,Noida,UP','Cannaught Place,Shop number1,Dehli',114,102);
INSERT INTO orders VALUES(224,'2021-07-28','Ready to ship',3000,'UPI','WOW industry LTD,Hyderabad,India','45-chowk,Mumbai, Maharashtra',113,101);
INSERT INTO orders VALUES(225,'2021-07-28','Delivered',1260,'Debit card','45-street,Newall road,Silicon Valley','45-street, Newell road, Silicon Valley',111,100);
DELETE FROM sqlite_sequence;
INSERT INTO sqlite_sequence VALUES('store',5);
COMMIT;
PRAGMA foreign_keys=ON;